#,,,"generated_by='OpenQuake engine 3.10.1', start_date='2022-02-02T17:32:26', checksum=3582624628, investigation_time=50.0, imt='SA', smlt_path='b1', gsimlt_path='b1_b31_b21_b71_b51_b41_b61', lon=12.38900000000001, lat=43.11, mag_bin_edges=[4.5, 5.0, 5.5, 6.0, 6.5, 7.0, 7.5, 8.0, 8.5, 9.0], dist_bin_edges=[0.0, 10.0, 20.0, 30.0, 40.0, 50.0, 60.0, 70.0, 80.0, 90.0, 100.0, 110.0, 120.0, 130.0, 140.0, 150.0, 160.0, 170.0, 180.0, 190.0, 200.0], lon_bin_edges=[9.925254753343872, 12.38900000000001, 14.852745246656148], lat_bin_edges=[41.31136, 43.11, 44.90864], eps_bin_edges=[-3.0, -2.0, -1.0, 0.0, 1.0, 2.0, 3.0], tectonic_region_types=['Active Shallow Crust', 'Shield', 'Stable Shallow Crust', 'Subduction Deep', 'Subduction Inslab', 'Subduction Interface', 'Volcanic'], poe=0.00601290548238631"
mag,dist,eps,poe
4.75000E+00,5.00000E+00,-2.50000E+00,0.00000E+00
4.75000E+00,5.00000E+00,-1.50000E+00,0.00000E+00
4.75000E+00,5.00000E+00,-5.00000E-01,0.00000E+00
4.75000E+00,5.00000E+00,5.00000E-01,0.00000E+00
4.75000E+00,5.00000E+00,1.50000E+00,0.00000E+00
4.75000E+00,5.00000E+00,2.50000E+00,0.00000E+00
4.75000E+00,1.50000E+01,-2.50000E+00,0.00000E+00
4.75000E+00,1.50000E+01,-1.50000E+00,0.00000E+00
4.75000E+00,1.50000E+01,-5.00000E-01,0.00000E+00
4.75000E+00,1.50000E+01,5.00000E-01,0.00000E+00
4.75000E+00,1.50000E+01,1.50000E+00,0.00000E+00
4.75000E+00,1.50000E+01,2.50000E+00,0.00000E+00
4.75000E+00,2.50000E+01,-2.50000E+00,0.00000E+00
4.75000E+00,2.50000E+01,-1.50000E+00,0.00000E+00
4.75000E+00,2.50000E+01,-5.00000E-01,0.00000E+00
4.75000E+00,2.50000E+01,5.00000E-01,0.00000E+00
4.75000E+00,2.50000E+01,1.50000E+00,0.00000E+00
4.75000E+00,2.50000E+01,2.50000E+00,0.00000E+00
4.75000E+00,3.50000E+01,-2.50000E+00,0.00000E+00
4.75000E+00,3.50000E+01,-1.50000E+00,0.00000E+00
4.75000E+00,3.50000E+01,-5.00000E-01,0.00000E+00
4.75000E+00,3.50000E+01,5.00000E-01,0.00000E+00
4.75000E+00,3.50000E+01,1.50000E+00,0.00000E+00
4.75000E+00,3.50000E+01,2.50000E+00,0.00000E+00
4.75000E+00,4.50000E+01,-2.50000E+00,0.00000E+00
4.75000E+00,4.50000E+01,-1.50000E+00,0.00000E+00
4.75000E+00,4.50000E+01,-5.00000E-01,0.00000E+00
4.75000E+00,4.50000E+01,5.00000E-01,0.00000E+00
4.75000E+00,4.50000E+01,1.50000E+00,0.00000E+00
4.75000E+00,4.50000E+01,2.50000E+00,0.00000E+00
4.75000E+00,5.50000E+01,-2.50000E+00,0.00000E+00
4.75000E+00,5.50000E+01,-1.50000E+00,0.00000E+00
4.75000E+00,5.50000E+01,-5.00000E-01,0.00000E+00
4.75000E+00,5.50000E+01,5.00000E-01,0.00000E+00
4.75000E+00,5.50000E+01,1.50000E+00,0.00000E+00
4.75000E+00,5.50000E+01,2.50000E+00,0.00000E+00
4.75000E+00,6.50000E+01,-2.50000E+00,0.00000E+00
4.75000E+00,6.50000E+01,-1.50000E+00,0.00000E+00
4.75000E+00,6.50000E+01,-5.00000E-01,0.00000E+00
4.75000E+00,6.50000E+01,5.00000E-01,0.00000E+00
4.75000E+00,6.50000E+01,1.50000E+00,0.00000E+00
4.75000E+00,6.50000E+01,2.50000E+00,0.00000E+00
4.75000E+00,7.50000E+01,-2.50000E+00,0.00000E+00
4.75000E+00,7.50000E+01,-1.50000E+00,0.00000E+00
4.75000E+00,7.50000E+01,-5.00000E-01,0.00000E+00
4.75000E+00,7.50000E+01,5.00000E-01,0.00000E+00
4.75000E+00,7.50000E+01,1.50000E+00,0.00000E+00
4.75000E+00,7.50000E+01,2.50000E+00,0.00000E+00
4.75000E+00,8.50000E+01,-2.50000E+00,0.00000E+00
4.75000E+00,8.50000E+01,-1.50000E+00,0.00000E+00
4.75000E+00,8.50000E+01,-5.00000E-01,0.00000E+00
4.75000E+00,8.50000E+01,5.00000E-01,0.00000E+00
4.75000E+00,8.50000E+01,1.50000E+00,0.00000E+00
4.75000E+00,8.50000E+01,2.50000E+00,0.00000E+00
4.75000E+00,9.50000E+01,-2.50000E+00,0.00000E+00
4.75000E+00,9.50000E+01,-1.50000E+00,0.00000E+00
4.75000E+00,9.50000E+01,-5.00000E-01,0.00000E+00
4.75000E+00,9.50000E+01,5.00000E-01,0.00000E+00
4.75000E+00,9.50000E+01,1.50000E+00,0.00000E+00
4.75000E+00,9.50000E+01,2.50000E+00,0.00000E+00
4.75000E+00,1.05000E+02,-2.50000E+00,0.00000E+00
4.75000E+00,1.05000E+02,-1.50000E+00,0.00000E+00
4.75000E+00,1.05000E+02,-5.00000E-01,0.00000E+00
4.75000E+00,1.05000E+02,5.00000E-01,0.00000E+00
4.75000E+00,1.05000E+02,1.50000E+00,0.00000E+00
4.75000E+00,1.05000E+02,2.50000E+00,0.00000E+00
4.75000E+00,1.15000E+02,-2.50000E+00,0.00000E+00
4.75000E+00,1.15000E+02,-1.50000E+00,0.00000E+00
4.75000E+00,1.15000E+02,-5.00000E-01,0.00000E+00
4.75000E+00,1.15000E+02,5.00000E-01,0.00000E+00
4.75000E+00,1.15000E+02,1.50000E+00,0.00000E+00
4.75000E+00,1.15000E+02,2.50000E+00,0.00000E+00
4.75000E+00,1.25000E+02,-2.50000E+00,0.00000E+00
4.75000E+00,1.25000E+02,-1.50000E+00,0.00000E+00
4.75000E+00,1.25000E+02,-5.00000E-01,0.00000E+00
4.75000E+00,1.25000E+02,5.00000E-01,0.00000E+00
4.75000E+00,1.25000E+02,1.50000E+00,0.00000E+00
4.75000E+00,1.25000E+02,2.50000E+00,0.00000E+00
4.75000E+00,1.35000E+02,-2.50000E+00,0.00000E+00
4.75000E+00,1.35000E+02,-1.50000E+00,0.00000E+00
4.75000E+00,1.35000E+02,-5.00000E-01,0.00000E+00
4.75000E+00,1.35000E+02,5.00000E-01,0.00000E+00
4.75000E+00,1.35000E+02,1.50000E+00,0.00000E+00
4.75000E+00,1.35000E+02,2.50000E+00,0.00000E+00
4.75000E+00,1.45000E+02,-2.50000E+00,0.00000E+00
4.75000E+00,1.45000E+02,-1.50000E+00,0.00000E+00
4.75000E+00,1.45000E+02,-5.00000E-01,0.00000E+00
4.75000E+00,1.45000E+02,5.00000E-01,0.00000E+00
4.75000E+00,1.45000E+02,1.50000E+00,0.00000E+00
4.75000E+00,1.45000E+02,2.50000E+00,0.00000E+00
4.75000E+00,1.55000E+02,-2.50000E+00,0.00000E+00
4.75000E+00,1.55000E+02,-1.50000E+00,0.00000E+00
4.75000E+00,1.55000E+02,-5.00000E-01,0.00000E+00
4.75000E+00,1.55000E+02,5.00000E-01,0.00000E+00
4.75000E+00,1.55000E+02,1.50000E+00,0.00000E+00
4.75000E+00,1.55000E+02,2.50000E+00,0.00000E+00
4.75000E+00,1.65000E+02,-2.50000E+00,0.00000E+00
4.75000E+00,1.65000E+02,-1.50000E+00,0.00000E+00
4.75000E+00,1.65000E+02,-5.00000E-01,0.00000E+00
4.75000E+00,1.65000E+02,5.00000E-01,0.00000E+00
4.75000E+00,1.65000E+02,1.50000E+00,0.00000E+00
4.75000E+00,1.65000E+02,2.50000E+00,0.00000E+00
4.75000E+00,1.75000E+02,-2.50000E+00,0.00000E+00
4.75000E+00,1.75000E+02,-1.50000E+00,0.00000E+00
4.75000E+00,1.75000E+02,-5.00000E-01,0.00000E+00
4.75000E+00,1.75000E+02,5.00000E-01,0.00000E+00
4.75000E+00,1.75000E+02,1.50000E+00,0.00000E+00
4.75000E+00,1.75000E+02,2.50000E+00,0.00000E+00
4.75000E+00,1.85000E+02,-2.50000E+00,0.00000E+00
4.75000E+00,1.85000E+02,-1.50000E+00,0.00000E+00
4.75000E+00,1.85000E+02,-5.00000E-01,0.00000E+00
4.75000E+00,1.85000E+02,5.00000E-01,0.00000E+00
4.75000E+00,1.85000E+02,1.50000E+00,0.00000E+00
4.75000E+00,1.85000E+02,2.50000E+00,0.00000E+00
4.75000E+00,1.95000E+02,-2.50000E+00,0.00000E+00
4.75000E+00,1.95000E+02,-1.50000E+00,0.00000E+00
4.75000E+00,1.95000E+02,-5.00000E-01,0.00000E+00
4.75000E+00,1.95000E+02,5.00000E-01,0.00000E+00
4.75000E+00,1.95000E+02,1.50000E+00,0.00000E+00
4.75000E+00,1.95000E+02,2.50000E+00,0.00000E+00
5.25000E+00,5.00000E+00,-2.50000E+00,0.00000E+00
5.25000E+00,5.00000E+00,-1.50000E+00,0.00000E+00
5.25000E+00,5.00000E+00,-5.00000E-01,0.00000E+00
5.25000E+00,5.00000E+00,5.00000E-01,0.00000E+00
5.25000E+00,5.00000E+00,1.50000E+00,0.00000E+00
5.25000E+00,5.00000E+00,2.50000E+00,0.00000E+00
5.25000E+00,1.50000E+01,-2.50000E+00,0.00000E+00
5.25000E+00,1.50000E+01,-1.50000E+00,0.00000E+00
5.25000E+00,1.50000E+01,-5.00000E-01,0.00000E+00
5.25000E+00,1.50000E+01,5.00000E-01,0.00000E+00
5.25000E+00,1.50000E+01,1.50000E+00,0.00000E+00
5.25000E+00,1.50000E+01,2.50000E+00,0.00000E+00
5.25000E+00,2.50000E+01,-2.50000E+00,0.00000E+00
5.25000E+00,2.50000E+01,-1.50000E+00,0.00000E+00
5.25000E+00,2.50000E+01,-5.00000E-01,0.00000E+00
5.25000E+00,2.50000E+01,5.00000E-01,0.00000E+00
5.25000E+00,2.50000E+01,1.50000E+00,0.00000E+00
5.25000E+00,2.50000E+01,2.50000E+00,0.00000E+00
5.25000E+00,3.50000E+01,-2.50000E+00,0.00000E+00
5.25000E+00,3.50000E+01,-1.50000E+00,0.00000E+00
5.25000E+00,3.50000E+01,-5.00000E-01,0.00000E+00
5.25000E+00,3.50000E+01,5.00000E-01,0.00000E+00
5.25000E+00,3.50000E+01,1.50000E+00,0.00000E+00
5.25000E+00,3.50000E+01,2.50000E+00,0.00000E+00
5.25000E+00,4.50000E+01,-2.50000E+00,0.00000E+00
5.25000E+00,4.50000E+01,-1.50000E+00,0.00000E+00
5.25000E+00,4.50000E+01,-5.00000E-01,0.00000E+00
5.25000E+00,4.50000E+01,5.00000E-01,0.00000E+00
5.25000E+00,4.50000E+01,1.50000E+00,0.00000E+00
5.25000E+00,4.50000E+01,2.50000E+00,0.00000E+00
5.25000E+00,5.50000E+01,-2.50000E+00,0.00000E+00
5.25000E+00,5.50000E+01,-1.50000E+00,0.00000E+00
5.25000E+00,5.50000E+01,-5.00000E-01,0.00000E+00
5.25000E+00,5.50000E+01,5.00000E-01,0.00000E+00
5.25000E+00,5.50000E+01,1.50000E+00,0.00000E+00
5.25000E+00,5.50000E+01,2.50000E+00,0.00000E+00
5.25000E+00,6.50000E+01,-2.50000E+00,0.00000E+00
5.25000E+00,6.50000E+01,-1.50000E+00,0.00000E+00
5.25000E+00,6.50000E+01,-5.00000E-01,0.00000E+00
5.25000E+00,6.50000E+01,5.00000E-01,0.00000E+00
5.25000E+00,6.50000E+01,1.50000E+00,0.00000E+00
5.25000E+00,6.50000E+01,2.50000E+00,0.00000E+00
5.25000E+00,7.50000E+01,-2.50000E+00,0.00000E+00
5.25000E+00,7.50000E+01,-1.50000E+00,0.00000E+00
5.25000E+00,7.50000E+01,-5.00000E-01,0.00000E+00
5.25000E+00,7.50000E+01,5.00000E-01,0.00000E+00
5.25000E+00,7.50000E+01,1.50000E+00,0.00000E+00
5.25000E+00,7.50000E+01,2.50000E+00,0.00000E+00
5.25000E+00,8.50000E+01,-2.50000E+00,0.00000E+00
5.25000E+00,8.50000E+01,-1.50000E+00,0.00000E+00
5.25000E+00,8.50000E+01,-5.00000E-01,0.00000E+00
5.25000E+00,8.50000E+01,5.00000E-01,0.00000E+00
5.25000E+00,8.50000E+01,1.50000E+00,0.00000E+00
5.25000E+00,8.50000E+01,2.50000E+00,0.00000E+00
5.25000E+00,9.50000E+01,-2.50000E+00,0.00000E+00
5.25000E+00,9.50000E+01,-1.50000E+00,0.00000E+00
5.25000E+00,9.50000E+01,-5.00000E-01,0.00000E+00
5.25000E+00,9.50000E+01,5.00000E-01,0.00000E+00
5.25000E+00,9.50000E+01,1.50000E+00,0.00000E+00
5.25000E+00,9.50000E+01,2.50000E+00,0.00000E+00
5.25000E+00,1.05000E+02,-2.50000E+00,0.00000E+00
5.25000E+00,1.05000E+02,-1.50000E+00,0.00000E+00
5.25000E+00,1.05000E+02,-5.00000E-01,0.00000E+00
5.25000E+00,1.05000E+02,5.00000E-01,0.00000E+00
5.25000E+00,1.05000E+02,1.50000E+00,0.00000E+00
5.25000E+00,1.05000E+02,2.50000E+00,0.00000E+00
5.25000E+00,1.15000E+02,-2.50000E+00,0.00000E+00
5.25000E+00,1.15000E+02,-1.50000E+00,0.00000E+00
5.25000E+00,1.15000E+02,-5.00000E-01,0.00000E+00
5.25000E+00,1.15000E+02,5.00000E-01,0.00000E+00
5.25000E+00,1.15000E+02,1.50000E+00,0.00000E+00
5.25000E+00,1.15000E+02,2.50000E+00,0.00000E+00
5.25000E+00,1.25000E+02,-2.50000E+00,0.00000E+00
5.25000E+00,1.25000E+02,-1.50000E+00,0.00000E+00
5.25000E+00,1.25000E+02,-5.00000E-01,0.00000E+00
5.25000E+00,1.25000E+02,5.00000E-01,0.00000E+00
5.25000E+00,1.25000E+02,1.50000E+00,0.00000E+00
5.25000E+00,1.25000E+02,2.50000E+00,0.00000E+00
5.25000E+00,1.35000E+02,-2.50000E+00,0.00000E+00
5.25000E+00,1.35000E+02,-1.50000E+00,0.00000E+00
5.25000E+00,1.35000E+02,-5.00000E-01,0.00000E+00
5.25000E+00,1.35000E+02,5.00000E-01,0.00000E+00
5.25000E+00,1.35000E+02,1.50000E+00,0.00000E+00
5.25000E+00,1.35000E+02,2.50000E+00,0.00000E+00
5.25000E+00,1.45000E+02,-2.50000E+00,0.00000E+00
5.25000E+00,1.45000E+02,-1.50000E+00,0.00000E+00
5.25000E+00,1.45000E+02,-5.00000E-01,0.00000E+00
5.25000E+00,1.45000E+02,5.00000E-01,0.00000E+00
5.25000E+00,1.45000E+02,1.50000E+00,0.00000E+00
5.25000E+00,1.45000E+02,2.50000E+00,0.00000E+00
5.25000E+00,1.55000E+02,-2.50000E+00,0.00000E+00
5.25000E+00,1.55000E+02,-1.50000E+00,0.00000E+00
5.25000E+00,1.55000E+02,-5.00000E-01,0.00000E+00
5.25000E+00,1.55000E+02,5.00000E-01,0.00000E+00
5.25000E+00,1.55000E+02,1.50000E+00,0.00000E+00
5.25000E+00,1.55000E+02,2.50000E+00,0.00000E+00
5.25000E+00,1.65000E+02,-2.50000E+00,0.00000E+00
5.25000E+00,1.65000E+02,-1.50000E+00,0.00000E+00
5.25000E+00,1.65000E+02,-5.00000E-01,0.00000E+00
5.25000E+00,1.65000E+02,5.00000E-01,0.00000E+00
5.25000E+00,1.65000E+02,1.50000E+00,0.00000E+00
5.25000E+00,1.65000E+02,2.50000E+00,0.00000E+00
5.25000E+00,1.75000E+02,-2.50000E+00,0.00000E+00
5.25000E+00,1.75000E+02,-1.50000E+00,0.00000E+00
5.25000E+00,1.75000E+02,-5.00000E-01,0.00000E+00
5.25000E+00,1.75000E+02,5.00000E-01,0.00000E+00
5.25000E+00,1.75000E+02,1.50000E+00,0.00000E+00
5.25000E+00,1.75000E+02,2.50000E+00,0.00000E+00
5.25000E+00,1.85000E+02,-2.50000E+00,0.00000E+00
5.25000E+00,1.85000E+02,-1.50000E+00,0.00000E+00
5.25000E+00,1.85000E+02,-5.00000E-01,0.00000E+00
5.25000E+00,1.85000E+02,5.00000E-01,0.00000E+00
5.25000E+00,1.85000E+02,1.50000E+00,0.00000E+00
5.25000E+00,1.85000E+02,2.50000E+00,0.00000E+00
5.25000E+00,1.95000E+02,-2.50000E+00,0.00000E+00
5.25000E+00,1.95000E+02,-1.50000E+00,0.00000E+00
5.25000E+00,1.95000E+02,-5.00000E-01,0.00000E+00
5.25000E+00,1.95000E+02,5.00000E-01,0.00000E+00
5.25000E+00,1.95000E+02,1.50000E+00,0.00000E+00
5.25000E+00,1.95000E+02,2.50000E+00,0.00000E+00
5.75000E+00,5.00000E+00,-2.50000E+00,0.00000E+00
5.75000E+00,5.00000E+00,-1.50000E+00,0.00000E+00
5.75000E+00,5.00000E+00,-5.00000E-01,0.00000E+00
5.75000E+00,5.00000E+00,5.00000E-01,0.00000E+00
5.75000E+00,5.00000E+00,1.50000E+00,0.00000E+00
5.75000E+00,5.00000E+00,2.50000E+00,6.60482E-05
5.75000E+00,1.50000E+01,-2.50000E+00,0.00000E+00
5.75000E+00,1.50000E+01,-1.50000E+00,0.00000E+00
5.75000E+00,1.50000E+01,-5.00000E-01,0.00000E+00
5.75000E+00,1.50000E+01,5.00000E-01,0.00000E+00
5.75000E+00,1.50000E+01,1.50000E+00,0.00000E+00
5.75000E+00,1.50000E+01,2.50000E+00,0.00000E+00
5.75000E+00,2.50000E+01,-2.50000E+00,0.00000E+00
5.75000E+00,2.50000E+01,-1.50000E+00,0.00000E+00
5.75000E+00,2.50000E+01,-5.00000E-01,0.00000E+00
5.75000E+00,2.50000E+01,5.00000E-01,0.00000E+00
5.75000E+00,2.50000E+01,1.50000E+00,0.00000E+00
5.75000E+00,2.50000E+01,2.50000E+00,0.00000E+00
5.75000E+00,3.50000E+01,-2.50000E+00,0.00000E+00
5.75000E+00,3.50000E+01,-1.50000E+00,0.00000E+00
5.75000E+00,3.50000E+01,-5.00000E-01,0.00000E+00
5.75000E+00,3.50000E+01,5.00000E-01,0.00000E+00
5.75000E+00,3.50000E+01,1.50000E+00,0.00000E+00
5.75000E+00,3.50000E+01,2.50000E+00,0.00000E+00
5.75000E+00,4.50000E+01,-2.50000E+00,0.00000E+00
5.75000E+00,4.50000E+01,-1.50000E+00,0.00000E+00
5.75000E+00,4.50000E+01,-5.00000E-01,0.00000E+00
5.75000E+00,4.50000E+01,5.00000E-01,0.00000E+00
5.75000E+00,4.50000E+01,1.50000E+00,0.00000E+00
5.75000E+00,4.50000E+01,2.50000E+00,0.00000E+00
5.75000E+00,5.50000E+01,-2.50000E+00,0.00000E+00
5.75000E+00,5.50000E+01,-1.50000E+00,0.00000E+00
5.75000E+00,5.50000E+01,-5.00000E-01,0.00000E+00
5.75000E+00,5.50000E+01,5.00000E-01,0.00000E+00
5.75000E+00,5.50000E+01,1.50000E+00,0.00000E+00
5.75000E+00,5.50000E+01,2.50000E+00,0.00000E+00
5.75000E+00,6.50000E+01,-2.50000E+00,0.00000E+00
5.75000E+00,6.50000E+01,-1.50000E+00,0.00000E+00
5.75000E+00,6.50000E+01,-5.00000E-01,0.00000E+00
5.75000E+00,6.50000E+01,5.00000E-01,0.00000E+00
5.75000E+00,6.50000E+01,1.50000E+00,0.00000E+00
5.75000E+00,6.50000E+01,2.50000E+00,0.00000E+00
5.75000E+00,7.50000E+01,-2.50000E+00,0.00000E+00
5.75000E+00,7.50000E+01,-1.50000E+00,0.00000E+00
5.75000E+00,7.50000E+01,-5.00000E-01,0.00000E+00
5.75000E+00,7.50000E+01,5.00000E-01,0.00000E+00
5.75000E+00,7.50000E+01,1.50000E+00,0.00000E+00
5.75000E+00,7.50000E+01,2.50000E+00,0.00000E+00
5.75000E+00,8.50000E+01,-2.50000E+00,0.00000E+00
5.75000E+00,8.50000E+01,-1.50000E+00,0.00000E+00
5.75000E+00,8.50000E+01,-5.00000E-01,0.00000E+00
5.75000E+00,8.50000E+01,5.00000E-01,0.00000E+00
5.75000E+00,8.50000E+01,1.50000E+00,0.00000E+00
5.75000E+00,8.50000E+01,2.50000E+00,0.00000E+00
5.75000E+00,9.50000E+01,-2.50000E+00,0.00000E+00
5.75000E+00,9.50000E+01,-1.50000E+00,0.00000E+00
5.75000E+00,9.50000E+01,-5.00000E-01,0.00000E+00
5.75000E+00,9.50000E+01,5.00000E-01,0.00000E+00
5.75000E+00,9.50000E+01,1.50000E+00,0.00000E+00
5.75000E+00,9.50000E+01,2.50000E+00,0.00000E+00
5.75000E+00,1.05000E+02,-2.50000E+00,0.00000E+00
5.75000E+00,1.05000E+02,-1.50000E+00,0.00000E+00
5.75000E+00,1.05000E+02,-5.00000E-01,0.00000E+00
5.75000E+00,1.05000E+02,5.00000E-01,0.00000E+00
5.75000E+00,1.05000E+02,1.50000E+00,0.00000E+00
5.75000E+00,1.05000E+02,2.50000E+00,0.00000E+00
5.75000E+00,1.15000E+02,-2.50000E+00,0.00000E+00
5.75000E+00,1.15000E+02,-1.50000E+00,0.00000E+00
5.75000E+00,1.15000E+02,-5.00000E-01,0.00000E+00
5.75000E+00,1.15000E+02,5.00000E-01,0.00000E+00
5.75000E+00,1.15000E+02,1.50000E+00,0.00000E+00
5.75000E+00,1.15000E+02,2.50000E+00,0.00000E+00
5.75000E+00,1.25000E+02,-2.50000E+00,0.00000E+00
5.75000E+00,1.25000E+02,-1.50000E+00,0.00000E+00
5.75000E+00,1.25000E+02,-5.00000E-01,0.00000E+00
5.75000E+00,1.25000E+02,5.00000E-01,0.00000E+00
5.75000E+00,1.25000E+02,1.50000E+00,0.00000E+00
5.75000E+00,1.25000E+02,2.50000E+00,0.00000E+00
5.75000E+00,1.35000E+02,-2.50000E+00,0.00000E+00
5.75000E+00,1.35000E+02,-1.50000E+00,0.00000E+00
5.75000E+00,1.35000E+02,-5.00000E-01,0.00000E+00
5.75000E+00,1.35000E+02,5.00000E-01,0.00000E+00
5.75000E+00,1.35000E+02,1.50000E+00,0.00000E+00
5.75000E+00,1.35000E+02,2.50000E+00,0.00000E+00
5.75000E+00,1.45000E+02,-2.50000E+00,0.00000E+00
5.75000E+00,1.45000E+02,-1.50000E+00,0.00000E+00
5.75000E+00,1.45000E+02,-5.00000E-01,0.00000E+00
5.75000E+00,1.45000E+02,5.00000E-01,0.00000E+00
5.75000E+00,1.45000E+02,1.50000E+00,0.00000E+00
5.75000E+00,1.45000E+02,2.50000E+00,0.00000E+00
5.75000E+00,1.55000E+02,-2.50000E+00,0.00000E+00
5.75000E+00,1.55000E+02,-1.50000E+00,0.00000E+00
5.75000E+00,1.55000E+02,-5.00000E-01,0.00000E+00
5.75000E+00,1.55000E+02,5.00000E-01,0.00000E+00
5.75000E+00,1.55000E+02,1.50000E+00,0.00000E+00
5.75000E+00,1.55000E+02,2.50000E+00,0.00000E+00
5.75000E+00,1.65000E+02,-2.50000E+00,0.00000E+00
5.75000E+00,1.65000E+02,-1.50000E+00,0.00000E+00
5.75000E+00,1.65000E+02,-5.00000E-01,0.00000E+00
5.75000E+00,1.65000E+02,5.00000E-01,0.00000E+00
5.75000E+00,1.65000E+02,1.50000E+00,0.00000E+00
5.75000E+00,1.65000E+02,2.50000E+00,0.00000E+00
5.75000E+00,1.75000E+02,-2.50000E+00,0.00000E+00
5.75000E+00,1.75000E+02,-1.50000E+00,0.00000E+00
5.75000E+00,1.75000E+02,-5.00000E-01,0.00000E+00
5.75000E+00,1.75000E+02,5.00000E-01,0.00000E+00
5.75000E+00,1.75000E+02,1.50000E+00,0.00000E+00
5.75000E+00,1.75000E+02,2.50000E+00,0.00000E+00
5.75000E+00,1.85000E+02,-2.50000E+00,0.00000E+00
5.75000E+00,1.85000E+02,-1.50000E+00,0.00000E+00
5.75000E+00,1.85000E+02,-5.00000E-01,0.00000E+00
5.75000E+00,1.85000E+02,5.00000E-01,0.00000E+00
5.75000E+00,1.85000E+02,1.50000E+00,0.00000E+00
5.75000E+00,1.85000E+02,2.50000E+00,0.00000E+00
5.75000E+00,1.95000E+02,-2.50000E+00,0.00000E+00
5.75000E+00,1.95000E+02,-1.50000E+00,0.00000E+00
5.75000E+00,1.95000E+02,-5.00000E-01,0.00000E+00
5.75000E+00,1.95000E+02,5.00000E-01,0.00000E+00
5.75000E+00,1.95000E+02,1.50000E+00,0.00000E+00
5.75000E+00,1.95000E+02,2.50000E+00,0.00000E+00
6.25000E+00,5.00000E+00,-2.50000E+00,0.00000E+00
6.25000E+00,5.00000E+00,-1.50000E+00,0.00000E+00
6.25000E+00,5.00000E+00,-5.00000E-01,0.00000E+00
6.25000E+00,5.00000E+00,5.00000E-01,5.25282E-05
6.25000E+00,5.00000E+00,1.50000E+00,6.43991E-04
6.25000E+00,5.00000E+00,2.50000E+00,5.63569E-04
6.25000E+00,1.50000E+01,-2.50000E+00,0.00000E+00
6.25000E+00,1.50000E+01,-1.50000E+00,0.00000E+00
6.25000E+00,1.50000E+01,-5.00000E-01,0.00000E+00
6.25000E+00,1.50000E+01,5.00000E-01,0.00000E+00
6.25000E+00,1.50000E+01,1.50000E+00,1.86592E-07
6.25000E+00,1.50000E+01,2.50000E+00,7.50049E-05
6.25000E+00,2.50000E+01,-2.50000E+00,0.00000E+00
6.25000E+00,2.50000E+01,-1.50000E+00,0.00000E+00
6.25000E+00,2.50000E+01,-5.00000E-01,0.00000E+00
6.25000E+00,2.50000E+01,5.00000E-01,0.00000E+00
6.25000E+00,2.50000E+01,1.50000E+00,0.00000E+00
6.25000E+00,2.50000E+01,2.50000E+00,3.57481E-06
6.25000E+00,3.50000E+01,-2.50000E+00,0.00000E+00
6.25000E+00,3.50000E+01,-1.50000E+00,0.00000E+00
6.25000E+00,3.50000E+01,-5.00000E-01,0.00000E+00
6.25000E+00,3.50000E+01,5.00000E-01,0.00000E+00
6.25000E+00,3.50000E+01,1.50000E+00,0.00000E+00
6.25000E+00,3.50000E+01,2.50000E+00,0.00000E+00
6.25000E+00,4.50000E+01,-2.50000E+00,0.00000E+00
6.25000E+00,4.50000E+01,-1.50000E+00,0.00000E+00
6.25000E+00,4.50000E+01,-5.00000E-01,0.00000E+00
6.25000E+00,4.50000E+01,5.00000E-01,0.00000E+00
6.25000E+00,4.50000E+01,1.50000E+00,0.00000E+00
6.25000E+00,4.50000E+01,2.50000E+00,0.00000E+00
6.25000E+00,5.50000E+01,-2.50000E+00,0.00000E+00
6.25000E+00,5.50000E+01,-1.50000E+00,0.00000E+00
6.25000E+00,5.50000E+01,-5.00000E-01,0.00000E+00
6.25000E+00,5.50000E+01,5.00000E-01,0.00000E+00
6.25000E+00,5.50000E+01,1.50000E+00,0.00000E+00
6.25000E+00,5.50000E+01,2.50000E+00,0.00000E+00
6.25000E+00,6.50000E+01,-2.50000E+00,0.00000E+00
6.25000E+00,6.50000E+01,-1.50000E+00,0.00000E+00
6.25000E+00,6.50000E+01,-5.00000E-01,0.00000E+00
6.25000E+00,6.50000E+01,5.00000E-01,0.00000E+00
6.25000E+00,6.50000E+01,1.50000E+00,0.00000E+00
6.25000E+00,6.50000E+01,2.50000E+00,0.00000E+00
6.25000E+00,7.50000E+01,-2.50000E+00,0.00000E+00
6.25000E+00,7.50000E+01,-1.50000E+00,0.00000E+00
6.25000E+00,7.50000E+01,-5.00000E-01,0.00000E+00
6.25000E+00,7.50000E+01,5.00000E-01,0.00000E+00
6.25000E+00,7.50000E+01,1.50000E+00,0.00000E+00
6.25000E+00,7.50000E+01,2.50000E+00,0.00000E+00
6.25000E+00,8.50000E+01,-2.50000E+00,0.00000E+00
6.25000E+00,8.50000E+01,-1.50000E+00,0.00000E+00
6.25000E+00,8.50000E+01,-5.00000E-01,0.00000E+00
6.25000E+00,8.50000E+01,5.00000E-01,0.00000E+00
6.25000E+00,8.50000E+01,1.50000E+00,0.00000E+00
6.25000E+00,8.50000E+01,2.50000E+00,0.00000E+00
6.25000E+00,9.50000E+01,-2.50000E+00,0.00000E+00
6.25000E+00,9.50000E+01,-1.50000E+00,0.00000E+00
6.25000E+00,9.50000E+01,-5.00000E-01,0.00000E+00
6.25000E+00,9.50000E+01,5.00000E-01,0.00000E+00
6.25000E+00,9.50000E+01,1.50000E+00,0.00000E+00
6.25000E+00,9.50000E+01,2.50000E+00,0.00000E+00
6.25000E+00,1.05000E+02,-2.50000E+00,0.00000E+00
6.25000E+00,1.05000E+02,-1.50000E+00,0.00000E+00
6.25000E+00,1.05000E+02,-5.00000E-01,0.00000E+00
6.25000E+00,1.05000E+02,5.00000E-01,0.00000E+00
6.25000E+00,1.05000E+02,1.50000E+00,0.00000E+00
6.25000E+00,1.05000E+02,2.50000E+00,0.00000E+00
6.25000E+00,1.15000E+02,-2.50000E+00,0.00000E+00
6.25000E+00,1.15000E+02,-1.50000E+00,0.00000E+00
6.25000E+00,1.15000E+02,-5.00000E-01,0.00000E+00
6.25000E+00,1.15000E+02,5.00000E-01,0.00000E+00
6.25000E+00,1.15000E+02,1.50000E+00,0.00000E+00
6.25000E+00,1.15000E+02,2.50000E+00,0.00000E+00
6.25000E+00,1.25000E+02,-2.50000E+00,0.00000E+00
6.25000E+00,1.25000E+02,-1.50000E+00,0.00000E+00
6.25000E+00,1.25000E+02,-5.00000E-01,0.00000E+00
6.25000E+00,1.25000E+02,5.00000E-01,0.00000E+00
6.25000E+00,1.25000E+02,1.50000E+00,0.00000E+00
6.25000E+00,1.25000E+02,2.50000E+00,0.00000E+00
6.25000E+00,1.35000E+02,-2.50000E+00,0.00000E+00
6.25000E+00,1.35000E+02,-1.50000E+00,0.00000E+00
6.25000E+00,1.35000E+02,-5.00000E-01,0.00000E+00
6.25000E+00,1.35000E+02,5.00000E-01,0.00000E+00
6.25000E+00,1.35000E+02,1.50000E+00,0.00000E+00
6.25000E+00,1.35000E+02,2.50000E+00,0.00000E+00
6.25000E+00,1.45000E+02,-2.50000E+00,0.00000E+00
6.25000E+00,1.45000E+02,-1.50000E+00,0.00000E+00
6.25000E+00,1.45000E+02,-5.00000E-01,0.00000E+00
6.25000E+00,1.45000E+02,5.00000E-01,0.00000E+00
6.25000E+00,1.45000E+02,1.50000E+00,0.00000E+00
6.25000E+00,1.45000E+02,2.50000E+00,0.00000E+00
6.25000E+00,1.55000E+02,-2.50000E+00,0.00000E+00
6.25000E+00,1.55000E+02,-1.50000E+00,0.00000E+00
6.25000E+00,1.55000E+02,-5.00000E-01,0.00000E+00
6.25000E+00,1.55000E+02,5.00000E-01,0.00000E+00
6.25000E+00,1.55000E+02,1.50000E+00,0.00000E+00
6.25000E+00,1.55000E+02,2.50000E+00,0.00000E+00
6.25000E+00,1.65000E+02,-2.50000E+00,0.00000E+00
6.25000E+00,1.65000E+02,-1.50000E+00,0.00000E+00
6.25000E+00,1.65000E+02,-5.00000E-01,0.00000E+00
6.25000E+00,1.65000E+02,5.00000E-01,0.00000E+00
6.25000E+00,1.65000E+02,1.50000E+00,0.00000E+00
6.25000E+00,1.65000E+02,2.50000E+00,0.00000E+00
6.25000E+00,1.75000E+02,-2.50000E+00,0.00000E+00
6.25000E+00,1.75000E+02,-1.50000E+00,0.00000E+00
6.25000E+00,1.75000E+02,-5.00000E-01,0.00000E+00
6.25000E+00,1.75000E+02,5.00000E-01,0.00000E+00
6.25000E+00,1.75000E+02,1.50000E+00,0.00000E+00
6.25000E+00,1.75000E+02,2.50000E+00,0.00000E+00
6.25000E+00,1.85000E+02,-2.50000E+00,0.00000E+00
6.25000E+00,1.85000E+02,-1.50000E+00,0.00000E+00
6.25000E+00,1.85000E+02,-5.00000E-01,0.00000E+00
6.25000E+00,1.85000E+02,5.00000E-01,0.00000E+00
6.25000E+00,1.85000E+02,1.50000E+00,0.00000E+00
6.25000E+00,1.85000E+02,2.50000E+00,0.00000E+00
6.25000E+00,1.95000E+02,-2.50000E+00,0.00000E+00
6.25000E+00,1.95000E+02,-1.50000E+00,0.00000E+00
6.25000E+00,1.95000E+02,-5.00000E-01,0.00000E+00
6.25000E+00,1.95000E+02,5.00000E-01,0.00000E+00
6.25000E+00,1.95000E+02,1.50000E+00,0.00000E+00
6.25000E+00,1.95000E+02,2.50000E+00,0.00000E+00
6.75000E+00,5.00000E+00,-2.50000E+00,0.00000E+00
6.75000E+00,5.00000E+00,-1.50000E+00,0.00000E+00
6.75000E+00,5.00000E+00,-5.00000E-01,0.00000E+00
6.75000E+00,5.00000E+00,5.00000E-01,3.03604E-04
6.75000E+00,5.00000E+00,1.50000E+00,1.14264E-03
6.75000E+00,5.00000E+00,2.50000E+00,3.55344E-04
6.75000E+00,1.50000E+01,-2.50000E+00,0.00000E+00
6.75000E+00,1.50000E+01,-1.50000E+00,0.00000E+00
6.75000E+00,1.50000E+01,-5.00000E-01,0.00000E+00
6.75000E+00,1.50000E+01,5.00000E-01,0.00000E+00
6.75000E+00,1.50000E+01,1.50000E+00,3.22556E-05
6.75000E+00,1.50000E+01,2.50000E+00,1.90778E-04
6.75000E+00,2.50000E+01,-2.50000E+00,0.00000E+00
6.75000E+00,2.50000E+01,-1.50000E+00,0.00000E+00
6.75000E+00,2.50000E+01,-5.00000E-01,0.00000E+00
6.75000E+00,2.50000E+01,5.00000E-01,0.00000E+00
6.75000E+00,2.50000E+01,1.50000E+00,0.00000E+00
6.75000E+00,2.50000E+01,2.50000E+00,3.32943E-05
6.75000E+00,3.50000E+01,-2.50000E+00,0.00000E+00
6.75000E+00,3.50000E+01,-1.50000E+00,0.00000E+00
6.75000E+00,3.50000E+01,-5.00000E-01,0.00000E+00
6.75000E+00,3.50000E+01,5.00000E-01,0.00000E+00
6.75000E+00,3.50000E+01,1.50000E+00,0.00000E+00
6.75000E+00,3.50000E+01,2.50000E+00,4.34248E-06
6.75000E+00,4.50000E+01,-2.50000E+00,0.00000E+00
6.75000E+00,4.50000E+01,-1.50000E+00,0.00000E+00
6.75000E+00,4.50000E+01,-5.00000E-01,0.00000E+00
6.75000E+00,4.50000E+01,5.00000E-01,0.00000E+00
6.75000E+00,4.50000E+01,1.50000E+00,0.00000E+00
6.75000E+00,4.50000E+01,2.50000E+00,1.95160E-07
6.75000E+00,5.50000E+01,-2.50000E+00,0.00000E+00
6.75000E+00,5.50000E+01,-1.50000E+00,0.00000E+00
6.75000E+00,5.50000E+01,-5.00000E-01,0.00000E+00
6.75000E+00,5.50000E+01,5.00000E-01,0.00000E+00
6.75000E+00,5.50000E+01,1.50000E+00,0.00000E+00
6.75000E+00,5.50000E+01,2.50000E+00,0.00000E+00
6.75000E+00,6.50000E+01,-2.50000E+00,0.00000E+00
6.75000E+00,6.50000E+01,-1.50000E+00,0.00000E+00
6.75000E+00,6.50000E+01,-5.00000E-01,0.00000E+00
6.75000E+00,6.50000E+01,5.00000E-01,0.00000E+00
6.75000E+00,6.50000E+01,1.50000E+00,0.00000E+00
6.75000E+00,6.50000E+01,2.50000E+00,0.00000E+00
6.75000E+00,7.50000E+01,-2.50000E+00,0.00000E+00
6.75000E+00,7.50000E+01,-1.50000E+00,0.00000E+00
6.75000E+00,7.50000E+01,-5.00000E-01,0.00000E+00
6.75000E+00,7.50000E+01,5.00000E-01,0.00000E+00
6.75000E+00,7.50000E+01,1.50000E+00,0.00000E+00
6.75000E+00,7.50000E+01,2.50000E+00,0.00000E+00
6.75000E+00,8.50000E+01,-2.50000E+00,0.00000E+00
6.75000E+00,8.50000E+01,-1.50000E+00,0.00000E+00
6.75000E+00,8.50000E+01,-5.00000E-01,0.00000E+00
6.75000E+00,8.50000E+01,5.00000E-01,0.00000E+00
6.75000E+00,8.50000E+01,1.50000E+00,0.00000E+00
6.75000E+00,8.50000E+01,2.50000E+00,0.00000E+00
6.75000E+00,9.50000E+01,-2.50000E+00,0.00000E+00
6.75000E+00,9.50000E+01,-1.50000E+00,0.00000E+00
6.75000E+00,9.50000E+01,-5.00000E-01,0.00000E+00
6.75000E+00,9.50000E+01,5.00000E-01,0.00000E+00
6.75000E+00,9.50000E+01,1.50000E+00,0.00000E+00
6.75000E+00,9.50000E+01,2.50000E+00,0.00000E+00
6.75000E+00,1.05000E+02,-2.50000E+00,0.00000E+00
6.75000E+00,1.05000E+02,-1.50000E+00,0.00000E+00
6.75000E+00,1.05000E+02,-5.00000E-01,0.00000E+00
6.75000E+00,1.05000E+02,5.00000E-01,0.00000E+00
6.75000E+00,1.05000E+02,1.50000E+00,0.00000E+00
6.75000E+00,1.05000E+02,2.50000E+00,0.00000E+00
6.75000E+00,1.15000E+02,-2.50000E+00,0.00000E+00
6.75000E+00,1.15000E+02,-1.50000E+00,0.00000E+00
6.75000E+00,1.15000E+02,-5.00000E-01,0.00000E+00
6.75000E+00,1.15000E+02,5.00000E-01,0.00000E+00
6.75000E+00,1.15000E+02,1.50000E+00,0.00000E+00
6.75000E+00,1.15000E+02,2.50000E+00,0.00000E+00
6.75000E+00,1.25000E+02,-2.50000E+00,0.00000E+00
6.75000E+00,1.25000E+02,-1.50000E+00,0.00000E+00
6.75000E+00,1.25000E+02,-5.00000E-01,0.00000E+00
6.75000E+00,1.25000E+02,5.00000E-01,0.00000E+00
6.75000E+00,1.25000E+02,1.50000E+00,0.00000E+00
6.75000E+00,1.25000E+02,2.50000E+00,0.00000E+00
6.75000E+00,1.35000E+02,-2.50000E+00,0.00000E+00
6.75000E+00,1.35000E+02,-1.50000E+00,0.00000E+00
6.75000E+00,1.35000E+02,-5.00000E-01,0.00000E+00
6.75000E+00,1.35000E+02,5.00000E-01,0.00000E+00
6.75000E+00,1.35000E+02,1.50000E+00,0.00000E+00
6.75000E+00,1.35000E+02,2.50000E+00,0.00000E+00
6.75000E+00,1.45000E+02,-2.50000E+00,0.00000E+00
6.75000E+00,1.45000E+02,-1.50000E+00,0.00000E+00
6.75000E+00,1.45000E+02,-5.00000E-01,0.00000E+00
6.75000E+00,1.45000E+02,5.00000E-01,0.00000E+00
6.75000E+00,1.45000E+02,1.50000E+00,0.00000E+00
6.75000E+00,1.45000E+02,2.50000E+00,0.00000E+00
6.75000E+00,1.55000E+02,-2.50000E+00,0.00000E+00
6.75000E+00,1.55000E+02,-1.50000E+00,0.00000E+00
6.75000E+00,1.55000E+02,-5.00000E-01,0.00000E+00
6.75000E+00,1.55000E+02,5.00000E-01,0.00000E+00
6.75000E+00,1.55000E+02,1.50000E+00,0.00000E+00
6.75000E+00,1.55000E+02,2.50000E+00,0.00000E+00
6.75000E+00,1.65000E+02,-2.50000E+00,0.00000E+00
6.75000E+00,1.65000E+02,-1.50000E+00,0.00000E+00
6.75000E+00,1.65000E+02,-5.00000E-01,0.00000E+00
6.75000E+00,1.65000E+02,5.00000E-01,0.00000E+00
6.75000E+00,1.65000E+02,1.50000E+00,0.00000E+00
6.75000E+00,1.65000E+02,2.50000E+00,0.00000E+00
6.75000E+00,1.75000E+02,-2.50000E+00,0.00000E+00
6.75000E+00,1.75000E+02,-1.50000E+00,0.00000E+00
6.75000E+00,1.75000E+02,-5.00000E-01,0.00000E+00
6.75000E+00,1.75000E+02,5.00000E-01,0.00000E+00
6.75000E+00,1.75000E+02,1.50000E+00,0.00000E+00
6.75000E+00,1.75000E+02,2.50000E+00,0.00000E+00
6.75000E+00,1.85000E+02,-2.50000E+00,0.00000E+00
6.75000E+00,1.85000E+02,-1.50000E+00,0.00000E+00
6.75000E+00,1.85000E+02,-5.00000E-01,0.00000E+00
6.75000E+00,1.85000E+02,5.00000E-01,0.00000E+00
6.75000E+00,1.85000E+02,1.50000E+00,0.00000E+00
6.75000E+00,1.85000E+02,2.50000E+00,0.00000E+00
6.75000E+00,1.95000E+02,-2.50000E+00,0.00000E+00
6.75000E+00,1.95000E+02,-1.50000E+00,0.00000E+00
6.75000E+00,1.95000E+02,-5.00000E-01,0.00000E+00
6.75000E+00,1.95000E+02,5.00000E-01,0.00000E+00
6.75000E+00,1.95000E+02,1.50000E+00,0.00000E+00
6.75000E+00,1.95000E+02,2.50000E+00,0.00000E+00
7.25000E+00,5.00000E+00,-2.50000E+00,0.00000E+00
7.25000E+00,5.00000E+00,-1.50000E+00,0.00000E+00
7.25000E+00,5.00000E+00,-5.00000E-01,0.00000E+00
7.25000E+00,5.00000E+00,5.00000E-01,5.11725E-04
7.25000E+00,5.00000E+00,1.50000E+00,1.18595E-03
7.25000E+00,5.00000E+00,2.50000E+00,3.10692E-04
7.25000E+00,1.50000E+01,-2.50000E+00,0.00000E+00
7.25000E+00,1.50000E+01,-1.50000E+00,0.00000E+00
7.25000E+00,1.50000E+01,-5.00000E-01,0.00000E+00
7.25000E+00,1.50000E+01,5.00000E-01,0.00000E+00
7.25000E+00,1.50000E+01,1.50000E+00,5.52786E-05
7.25000E+00,1.50000E+01,2.50000E+00,1.56451E-04
7.25000E+00,2.50000E+01,-2.50000E+00,0.00000E+00
7.25000E+00,2.50000E+01,-1.50000E+00,0.00000E+00
7.25000E+00,2.50000E+01,-5.00000E-01,0.00000E+00
7.25000E+00,2.50000E+01,5.00000E-01,0.00000E+00
7.25000E+00,2.50000E+01,1.50000E+00,1.19661E-07
7.25000E+00,2.50000E+01,2.50000E+00,4.30580E-05
7.25000E+00,3.50000E+01,-2.50000E+00,0.00000E+00
7.25000E+00,3.50000E+01,-1.50000E+00,0.00000E+00
7.25000E+00,3.50000E+01,-5.00000E-01,0.00000E+00
7.25000E+00,3.50000E+01,5.00000E-01,0.00000E+00
7.25000E+00,3.50000E+01,1.50000E+00,5.18222E-08
7.25000E+00,3.50000E+01,2.50000E+00,1.40015E-05
7.25000E+00,4.50000E+01,-2.50000E+00,0.00000E+00
7.25000E+00,4.50000E+01,-1.50000E+00,0.00000E+00
7.25000E+00,4.50000E+01,-5.00000E-01,0.00000E+00
7.25000E+00,4.50000E+01,5.00000E-01,0.00000E+00
7.25000E+00,4.50000E+01,1.50000E+00,0.00000E+00
7.25000E+00,4.50000E+01,2.50000E+00,4.73005E-06
7.25000E+00,5.50000E+01,-2.50000E+00,0.00000E+00
7.25000E+00,5.50000E+01,-1.50000E+00,0.00000E+00
7.25000E+00,5.50000E+01,-5.00000E-01,0.00000E+00
7.25000E+00,5.50000E+01,5.00000E-01,0.00000E+00
7.25000E+00,5.50000E+01,1.50000E+00,0.00000E+00
7.25000E+00,5.50000E+01,2.50000E+00,7.26253E-07
7.25000E+00,6.50000E+01,-2.50000E+00,0.00000E+00
7.25000E+00,6.50000E+01,-1.50000E+00,0.00000E+00
7.25000E+00,6.50000E+01,-5.00000E-01,0.00000E+00
7.25000E+00,6.50000E+01,5.00000E-01,0.00000E+00
7.25000E+00,6.50000E+01,1.50000E+00,0.00000E+00
7.25000E+00,6.50000E+01,2.50000E+00,2.10898E-08
7.25000E+00,7.50000E+01,-2.50000E+00,0.00000E+00
7.25000E+00,7.50000E+01,-1.50000E+00,0.00000E+00
7.25000E+00,7.50000E+01,-5.00000E-01,0.00000E+00
7.25000E+00,7.50000E+01,5.00000E-01,0.00000E+00
7.25000E+00,7.50000E+01,1.50000E+00,0.00000E+00
7.25000E+00,7.50000E+01,2.50000E+00,0.00000E+00
7.25000E+00,8.50000E+01,-2.50000E+00,0.00000E+00
7.25000E+00,8.50000E+01,-1.50000E+00,0.00000E+00
7.25000E+00,8.50000E+01,-5.00000E-01,0.00000E+00
7.25000E+00,8.50000E+01,5.00000E-01,0.00000E+00
7.25000E+00,8.50000E+01,1.50000E+00,0.00000E+00
7.25000E+00,8.50000E+01,2.50000E+00,0.00000E+00
7.25000E+00,9.50000E+01,-2.50000E+00,0.00000E+00
7.25000E+00,9.50000E+01,-1.50000E+00,0.00000E+00
7.25000E+00,9.50000E+01,-5.00000E-01,0.00000E+00
7.25000E+00,9.50000E+01,5.00000E-01,0.00000E+00
7.25000E+00,9.50000E+01,1.50000E+00,0.00000E+00
7.25000E+00,9.50000E+01,2.50000E+00,0.00000E+00
7.25000E+00,1.05000E+02,-2.50000E+00,0.00000E+00
7.25000E+00,1.05000E+02,-1.50000E+00,0.00000E+00
7.25000E+00,1.05000E+02,-5.00000E-01,0.00000E+00
7.25000E+00,1.05000E+02,5.00000E-01,0.00000E+00
7.25000E+00,1.05000E+02,1.50000E+00,0.00000E+00
7.25000E+00,1.05000E+02,2.50000E+00,0.00000E+00
7.25000E+00,1.15000E+02,-2.50000E+00,0.00000E+00
7.25000E+00,1.15000E+02,-1.50000E+00,0.00000E+00
7.25000E+00,1.15000E+02,-5.00000E-01,0.00000E+00
7.25000E+00,1.15000E+02,5.00000E-01,0.00000E+00
7.25000E+00,1.15000E+02,1.50000E+00,0.00000E+00
7.25000E+00,1.15000E+02,2.50000E+00,0.00000E+00
7.25000E+00,1.25000E+02,-2.50000E+00,0.00000E+00
7.25000E+00,1.25000E+02,-1.50000E+00,0.00000E+00
7.25000E+00,1.25000E+02,-5.00000E-01,0.00000E+00
7.25000E+00,1.25000E+02,5.00000E-01,0.00000E+00
7.25000E+00,1.25000E+02,1.50000E+00,0.00000E+00
7.25000E+00,1.25000E+02,2.50000E+00,0.00000E+00
7.25000E+00,1.35000E+02,-2.50000E+00,0.00000E+00
7.25000E+00,1.35000E+02,-1.50000E+00,0.00000E+00
7.25000E+00,1.35000E+02,-5.00000E-01,0.00000E+00
7.25000E+00,1.35000E+02,5.00000E-01,0.00000E+00
7.25000E+00,1.35000E+02,1.50000E+00,0.00000E+00
7.25000E+00,1.35000E+02,2.50000E+00,0.00000E+00
7.25000E+00,1.45000E+02,-2.50000E+00,0.00000E+00
7.25000E+00,1.45000E+02,-1.50000E+00,0.00000E+00
7.25000E+00,1.45000E+02,-5.00000E-01,0.00000E+00
7.25000E+00,1.45000E+02,5.00000E-01,0.00000E+00
7.25000E+00,1.45000E+02,1.50000E+00,0.00000E+00
7.25000E+00,1.45000E+02,2.50000E+00,0.00000E+00
7.25000E+00,1.55000E+02,-2.50000E+00,0.00000E+00
7.25000E+00,1.55000E+02,-1.50000E+00,0.00000E+00
7.25000E+00,1.55000E+02,-5.00000E-01,0.00000E+00
7.25000E+00,1.55000E+02,5.00000E-01,0.00000E+00
7.25000E+00,1.55000E+02,1.50000E+00,0.00000E+00
7.25000E+00,1.55000E+02,2.50000E+00,0.00000E+00
7.25000E+00,1.65000E+02,-2.50000E+00,0.00000E+00
7.25000E+00,1.65000E+02,-1.50000E+00,0.00000E+00
7.25000E+00,1.65000E+02,-5.00000E-01,0.00000E+00
7.25000E+00,1.65000E+02,5.00000E-01,0.00000E+00
7.25000E+00,1.65000E+02,1.50000E+00,0.00000E+00
7.25000E+00,1.65000E+02,2.50000E+00,0.00000E+00
7.25000E+00,1.75000E+02,-2.50000E+00,0.00000E+00
7.25000E+00,1.75000E+02,-1.50000E+00,0.00000E+00
7.25000E+00,1.75000E+02,-5.00000E-01,0.00000E+00
7.25000E+00,1.75000E+02,5.00000E-01,0.00000E+00
7.25000E+00,1.75000E+02,1.50000E+00,0.00000E+00
7.25000E+00,1.75000E+02,2.50000E+00,0.00000E+00
7.25000E+00,1.85000E+02,-2.50000E+00,0.00000E+00
7.25000E+00,1.85000E+02,-1.50000E+00,0.00000E+00
7.25000E+00,1.85000E+02,-5.00000E-01,0.00000E+00
7.25000E+00,1.85000E+02,5.00000E-01,0.00000E+00
7.25000E+00,1.85000E+02,1.50000E+00,0.00000E+00
7.25000E+00,1.85000E+02,2.50000E+00,0.00000E+00
7.25000E+00,1.95000E+02,-2.50000E+00,0.00000E+00
7.25000E+00,1.95000E+02,-1.50000E+00,0.00000E+00
7.25000E+00,1.95000E+02,-5.00000E-01,0.00000E+00
7.25000E+00,1.95000E+02,5.00000E-01,0.00000E+00
7.25000E+00,1.95000E+02,1.50000E+00,0.00000E+00
7.25000E+00,1.95000E+02,2.50000E+00,0.00000E+00
7.75000E+00,5.00000E+00,-2.50000E+00,0.00000E+00
7.75000E+00,5.00000E+00,-1.50000E+00,0.00000E+00
7.75000E+00,5.00000E+00,-5.00000E-01,0.00000E+00
7.75000E+00,5.00000E+00,5.00000E-01,8.02171E-05
7.75000E+00,5.00000E+00,1.50000E+00,1.25494E-04
7.75000E+00,5.00000E+00,2.50000E+00,2.54920E-05
7.75000E+00,1.50000E+01,-2.50000E+00,0.00000E+00
7.75000E+00,1.50000E+01,-1.50000E+00,0.00000E+00
7.75000E+00,1.50000E+01,-5.00000E-01,0.00000E+00
7.75000E+00,1.50000E+01,5.00000E-01,1.14707E-06
7.75000E+00,1.50000E+01,1.50000E+00,1.24807E-05
7.75000E+00,1.50000E+01,2.50000E+00,1.59070E-05
7.75000E+00,2.50000E+01,-2.50000E+00,0.00000E+00
7.75000E+00,2.50000E+01,-1.50000E+00,0.00000E+00
7.75000E+00,2.50000E+01,-5.00000E-01,0.00000E+00
7.75000E+00,2.50000E+01,5.00000E-01,1.80670E-07
7.75000E+00,2.50000E+01,1.50000E+00,1.50927E-06
7.75000E+00,2.50000E+01,2.50000E+00,5.71772E-06
7.75000E+00,3.50000E+01,-2.50000E+00,0.00000E+00
7.75000E+00,3.50000E+01,-1.50000E+00,0.00000E+00
7.75000E+00,3.50000E+01,-5.00000E-01,0.00000E+00
7.75000E+00,3.50000E+01,5.00000E-01,0.00000E+00
7.75000E+00,3.50000E+01,1.50000E+00,1.71553E-06
7.75000E+00,3.50000E+01,2.50000E+00,5.26559E-06
7.75000E+00,4.50000E+01,-2.50000E+00,0.00000E+00
7.75000E+00,4.50000E+01,-1.50000E+00,0.00000E+00
7.75000E+00,4.50000E+01,-5.00000E-01,0.00000E+00
7.75000E+00,4.50000E+01,5.00000E-01,0.00000E+00
7.75000E+00,4.50000E+01,1.50000E+00,5.16434E-09
7.75000E+00,4.50000E+01,2.50000E+00,2.36572E-06
7.75000E+00,5.50000E+01,-2.50000E+00,0.00000E+00
7.75000E+00,5.50000E+01,-1.50000E+00,0.00000E+00
7.75000E+00,5.50000E+01,-5.00000E-01,0.00000E+00
7.75000E+00,5.50000E+01,5.00000E-01,0.00000E+00
7.75000E+00,5.50000E+01,1.50000E+00,0.00000E+00
7.75000E+00,5.50000E+01,2.50000E+00,8.83922E-07
7.75000E+00,6.50000E+01,-2.50000E+00,0.00000E+00
7.75000E+00,6.50000E+01,-1.50000E+00,0.00000E+00
7.75000E+00,6.50000E+01,-5.00000E-01,0.00000E+00
7.75000E+00,6.50000E+01,5.00000E-01,0.00000E+00
7.75000E+00,6.50000E+01,1.50000E+00,0.00000E+00
7.75000E+00,6.50000E+01,2.50000E+00,2.67111E-07
7.75000E+00,7.50000E+01,-2.50000E+00,0.00000E+00
7.75000E+00,7.50000E+01,-1.50000E+00,0.00000E+00
7.75000E+00,7.50000E+01,-5.00000E-01,0.00000E+00
7.75000E+00,7.50000E+01,5.00000E-01,0.00000E+00
7.75000E+00,7.50000E+01,1.50000E+00,0.00000E+00
7.75000E+00,7.50000E+01,2.50000E+00,3.01010E-08
7.75000E+00,8.50000E+01,-2.50000E+00,0.00000E+00
7.75000E+00,8.50000E+01,-1.50000E+00,0.00000E+00
7.75000E+00,8.50000E+01,-5.00000E-01,0.00000E+00
7.75000E+00,8.50000E+01,5.00000E-01,0.00000E+00
7.75000E+00,8.50000E+01,1.50000E+00,0.00000E+00
7.75000E+00,8.50000E+01,2.50000E+00,1.29651E-09
7.75000E+00,9.50000E+01,-2.50000E+00,0.00000E+00
7.75000E+00,9.50000E+01,-1.50000E+00,0.00000E+00
7.75000E+00,9.50000E+01,-5.00000E-01,0.00000E+00
7.75000E+00,9.50000E+01,5.00000E-01,0.00000E+00
7.75000E+00,9.50000E+01,1.50000E+00,0.00000E+00
7.75000E+00,9.50000E+01,2.50000E+00,0.00000E+00
7.75000E+00,1.05000E+02,-2.50000E+00,0.00000E+00
7.75000E+00,1.05000E+02,-1.50000E+00,0.00000E+00
7.75000E+00,1.05000E+02,-5.00000E-01,0.00000E+00
7.75000E+00,1.05000E+02,5.00000E-01,0.00000E+00
7.75000E+00,1.05000E+02,1.50000E+00,0.00000E+00
7.75000E+00,1.05000E+02,2.50000E+00,0.00000E+00
7.75000E+00,1.15000E+02,-2.50000E+00,0.00000E+00
7.75000E+00,1.15000E+02,-1.50000E+00,0.00000E+00
7.75000E+00,1.15000E+02,-5.00000E-01,0.00000E+00
7.75000E+00,1.15000E+02,5.00000E-01,0.00000E+00
7.75000E+00,1.15000E+02,1.50000E+00,0.00000E+00
7.75000E+00,1.15000E+02,2.50000E+00,0.00000E+00
7.75000E+00,1.25000E+02,-2.50000E+00,0.00000E+00
7.75000E+00,1.25000E+02,-1.50000E+00,0.00000E+00
7.75000E+00,1.25000E+02,-5.00000E-01,0.00000E+00
7.75000E+00,1.25000E+02,5.00000E-01,0.00000E+00
7.75000E+00,1.25000E+02,1.50000E+00,0.00000E+00
7.75000E+00,1.25000E+02,2.50000E+00,0.00000E+00
7.75000E+00,1.35000E+02,-2.50000E+00,0.00000E+00
7.75000E+00,1.35000E+02,-1.50000E+00,0.00000E+00
7.75000E+00,1.35000E+02,-5.00000E-01,0.00000E+00
7.75000E+00,1.35000E+02,5.00000E-01,0.00000E+00
7.75000E+00,1.35000E+02,1.50000E+00,0.00000E+00
7.75000E+00,1.35000E+02,2.50000E+00,0.00000E+00
7.75000E+00,1.45000E+02,-2.50000E+00,0.00000E+00
7.75000E+00,1.45000E+02,-1.50000E+00,0.00000E+00
7.75000E+00,1.45000E+02,-5.00000E-01,0.00000E+00
7.75000E+00,1.45000E+02,5.00000E-01,0.00000E+00
7.75000E+00,1.45000E+02,1.50000E+00,0.00000E+00
7.75000E+00,1.45000E+02,2.50000E+00,0.00000E+00
7.75000E+00,1.55000E+02,-2.50000E+00,0.00000E+00
7.75000E+00,1.55000E+02,-1.50000E+00,0.00000E+00
7.75000E+00,1.55000E+02,-5.00000E-01,0.00000E+00
7.75000E+00,1.55000E+02,5.00000E-01,0.00000E+00
7.75000E+00,1.55000E+02,1.50000E+00,0.00000E+00
7.75000E+00,1.55000E+02,2.50000E+00,0.00000E+00
7.75000E+00,1.65000E+02,-2.50000E+00,0.00000E+00
7.75000E+00,1.65000E+02,-1.50000E+00,0.00000E+00
7.75000E+00,1.65000E+02,-5.00000E-01,0.00000E+00
7.75000E+00,1.65000E+02,5.00000E-01,0.00000E+00
7.75000E+00,1.65000E+02,1.50000E+00,0.00000E+00
7.75000E+00,1.65000E+02,2.50000E+00,0.00000E+00
7.75000E+00,1.75000E+02,-2.50000E+00,0.00000E+00
7.75000E+00,1.75000E+02,-1.50000E+00,0.00000E+00
7.75000E+00,1.75000E+02,-5.00000E-01,0.00000E+00
7.75000E+00,1.75000E+02,5.00000E-01,0.00000E+00
7.75000E+00,1.75000E+02,1.50000E+00,0.00000E+00
7.75000E+00,1.75000E+02,2.50000E+00,0.00000E+00
7.75000E+00,1.85000E+02,-2.50000E+00,0.00000E+00
7.75000E+00,1.85000E+02,-1.50000E+00,0.00000E+00
7.75000E+00,1.85000E+02,-5.00000E-01,0.00000E+00
7.75000E+00,1.85000E+02,5.00000E-01,0.00000E+00
7.75000E+00,1.85000E+02,1.50000E+00,0.00000E+00
7.75000E+00,1.85000E+02,2.50000E+00,0.00000E+00
7.75000E+00,1.95000E+02,-2.50000E+00,0.00000E+00
7.75000E+00,1.95000E+02,-1.50000E+00,0.00000E+00
7.75000E+00,1.95000E+02,-5.00000E-01,0.00000E+00
7.75000E+00,1.95000E+02,5.00000E-01,0.00000E+00
7.75000E+00,1.95000E+02,1.50000E+00,0.00000E+00
7.75000E+00,1.95000E+02,2.50000E+00,0.00000E+00
8.25000E+00,5.00000E+00,-2.50000E+00,0.00000E+00
8.25000E+00,5.00000E+00,-1.50000E+00,0.00000E+00
8.25000E+00,5.00000E+00,-5.00000E-01,0.00000E+00
8.25000E+00,5.00000E+00,5.00000E-01,0.00000E+00
8.25000E+00,5.00000E+00,1.50000E+00,0.00000E+00
8.25000E+00,5.00000E+00,2.50000E+00,0.00000E+00
8.25000E+00,1.50000E+01,-2.50000E+00,0.00000E+00
8.25000E+00,1.50000E+01,-1.50000E+00,0.00000E+00
8.25000E+00,1.50000E+01,-5.00000E-01,0.00000E+00
8.25000E+00,1.50000E+01,5.00000E-01,0.00000E+00
8.25000E+00,1.50000E+01,1.50000E+00,0.00000E+00
8.25000E+00,1.50000E+01,2.50000E+00,0.00000E+00
8.25000E+00,2.50000E+01,-2.50000E+00,0.00000E+00
8.25000E+00,2.50000E+01,-1.50000E+00,0.00000E+00
8.25000E+00,2.50000E+01,-5.00000E-01,0.00000E+00
8.25000E+00,2.50000E+01,5.00000E-01,0.00000E+00
8.25000E+00,2.50000E+01,1.50000E+00,0.00000E+00
8.25000E+00,2.50000E+01,2.50000E+00,0.00000E+00
8.25000E+00,3.50000E+01,-2.50000E+00,0.00000E+00
8.25000E+00,3.50000E+01,-1.50000E+00,0.00000E+00
8.25000E+00,3.50000E+01,-5.00000E-01,0.00000E+00
8.25000E+00,3.50000E+01,5.00000E-01,0.00000E+00
8.25000E+00,3.50000E+01,1.50000E+00,1.85300E-08
8.25000E+00,3.50000E+01,2.50000E+00,1.80859E-08
8.25000E+00,4.50000E+01,-2.50000E+00,0.00000E+00
8.25000E+00,4.50000E+01,-1.50000E+00,0.00000E+00
8.25000E+00,4.50000E+01,-5.00000E-01,0.00000E+00
8.25000E+00,4.50000E+01,5.00000E-01,0.00000E+00
8.25000E+00,4.50000E+01,1.50000E+00,2.42444E-09
8.25000E+00,4.50000E+01,2.50000E+00,2.49592E-08
8.25000E+00,5.50000E+01,-2.50000E+00,0.00000E+00
8.25000E+00,5.50000E+01,-1.50000E+00,0.00000E+00
8.25000E+00,5.50000E+01,-5.00000E-01,0.00000E+00
8.25000E+00,5.50000E+01,5.00000E-01,0.00000E+00
8.25000E+00,5.50000E+01,1.50000E+00,0.00000E+00
8.25000E+00,5.50000E+01,2.50000E+00,1.63074E-08
8.25000E+00,6.50000E+01,-2.50000E+00,0.00000E+00
8.25000E+00,6.50000E+01,-1.50000E+00,0.00000E+00
8.25000E+00,6.50000E+01,-5.00000E-01,0.00000E+00
8.25000E+00,6.50000E+01,5.00000E-01,0.00000E+00
8.25000E+00,6.50000E+01,1.50000E+00,0.00000E+00
8.25000E+00,6.50000E+01,2.50000E+00,3.62311E-08
8.25000E+00,7.50000E+01,-2.50000E+00,0.00000E+00
8.25000E+00,7.50000E+01,-1.50000E+00,0.00000E+00
8.25000E+00,7.50000E+01,-5.00000E-01,0.00000E+00
8.25000E+00,7.50000E+01,5.00000E-01,0.00000E+00
8.25000E+00,7.50000E+01,1.50000E+00,0.00000E+00
8.25000E+00,7.50000E+01,2.50000E+00,1.92323E-08
8.25000E+00,8.50000E+01,-2.50000E+00,0.00000E+00
8.25000E+00,8.50000E+01,-1.50000E+00,0.00000E+00
8.25000E+00,8.50000E+01,-5.00000E-01,0.00000E+00
8.25000E+00,8.50000E+01,5.00000E-01,0.00000E+00
8.25000E+00,8.50000E+01,1.50000E+00,0.00000E+00
8.25000E+00,8.50000E+01,2.50000E+00,1.32383E-08
8.25000E+00,9.50000E+01,-2.50000E+00,0.00000E+00
8.25000E+00,9.50000E+01,-1.50000E+00,0.00000E+00
8.25000E+00,9.50000E+01,-5.00000E-01,0.00000E+00
8.25000E+00,9.50000E+01,5.00000E-01,0.00000E+00
8.25000E+00,9.50000E+01,1.50000E+00,0.00000E+00
8.25000E+00,9.50000E+01,2.50000E+00,5.88491E-09
8.25000E+00,1.05000E+02,-2.50000E+00,0.00000E+00
8.25000E+00,1.05000E+02,-1.50000E+00,0.00000E+00
8.25000E+00,1.05000E+02,-5.00000E-01,0.00000E+00
8.25000E+00,1.05000E+02,5.00000E-01,0.00000E+00
8.25000E+00,1.05000E+02,1.50000E+00,0.00000E+00
8.25000E+00,1.05000E+02,2.50000E+00,1.29618E-10
8.25000E+00,1.15000E+02,-2.50000E+00,0.00000E+00
8.25000E+00,1.15000E+02,-1.50000E+00,0.00000E+00
8.25000E+00,1.15000E+02,-5.00000E-01,0.00000E+00
8.25000E+00,1.15000E+02,5.00000E-01,0.00000E+00
8.25000E+00,1.15000E+02,1.50000E+00,0.00000E+00
8.25000E+00,1.15000E+02,2.50000E+00,0.00000E+00
8.25000E+00,1.25000E+02,-2.50000E+00,0.00000E+00
8.25000E+00,1.25000E+02,-1.50000E+00,0.00000E+00
8.25000E+00,1.25000E+02,-5.00000E-01,0.00000E+00
8.25000E+00,1.25000E+02,5.00000E-01,0.00000E+00
8.25000E+00,1.25000E+02,1.50000E+00,0.00000E+00
8.25000E+00,1.25000E+02,2.50000E+00,0.00000E+00
8.25000E+00,1.35000E+02,-2.50000E+00,0.00000E+00
8.25000E+00,1.35000E+02,-1.50000E+00,0.00000E+00
8.25000E+00,1.35000E+02,-5.00000E-01,0.00000E+00
8.25000E+00,1.35000E+02,5.00000E-01,0.00000E+00
8.25000E+00,1.35000E+02,1.50000E+00,0.00000E+00
8.25000E+00,1.35000E+02,2.50000E+00,0.00000E+00
8.25000E+00,1.45000E+02,-2.50000E+00,0.00000E+00
8.25000E+00,1.45000E+02,-1.50000E+00,0.00000E+00
8.25000E+00,1.45000E+02,-5.00000E-01,0.00000E+00
8.25000E+00,1.45000E+02,5.00000E-01,0.00000E+00
8.25000E+00,1.45000E+02,1.50000E+00,0.00000E+00
8.25000E+00,1.45000E+02,2.50000E+00,0.00000E+00
8.25000E+00,1.55000E+02,-2.50000E+00,0.00000E+00
8.25000E+00,1.55000E+02,-1.50000E+00,0.00000E+00
8.25000E+00,1.55000E+02,-5.00000E-01,0.00000E+00
8.25000E+00,1.55000E+02,5.00000E-01,0.00000E+00
8.25000E+00,1.55000E+02,1.50000E+00,0.00000E+00
8.25000E+00,1.55000E+02,2.50000E+00,0.00000E+00
8.25000E+00,1.65000E+02,-2.50000E+00,0.00000E+00
8.25000E+00,1.65000E+02,-1.50000E+00,0.00000E+00
8.25000E+00,1.65000E+02,-5.00000E-01,0.00000E+00
8.25000E+00,1.65000E+02,5.00000E-01,0.00000E+00
8.25000E+00,1.65000E+02,1.50000E+00,0.00000E+00
8.25000E+00,1.65000E+02,2.50000E+00,0.00000E+00
8.25000E+00,1.75000E+02,-2.50000E+00,0.00000E+00
8.25000E+00,1.75000E+02,-1.50000E+00,0.00000E+00
8.25000E+00,1.75000E+02,-5.00000E-01,0.00000E+00
8.25000E+00,1.75000E+02,5.00000E-01,0.00000E+00
8.25000E+00,1.75000E+02,1.50000E+00,0.00000E+00
8.25000E+00,1.75000E+02,2.50000E+00,0.00000E+00
8.25000E+00,1.85000E+02,-2.50000E+00,0.00000E+00
8.25000E+00,1.85000E+02,-1.50000E+00,0.00000E+00
8.25000E+00,1.85000E+02,-5.00000E-01,0.00000E+00
8.25000E+00,1.85000E+02,5.00000E-01,0.00000E+00
8.25000E+00,1.85000E+02,1.50000E+00,0.00000E+00
8.25000E+00,1.85000E+02,2.50000E+00,0.00000E+00
8.25000E+00,1.95000E+02,-2.50000E+00,0.00000E+00
8.25000E+00,1.95000E+02,-1.50000E+00,0.00000E+00
8.25000E+00,1.95000E+02,-5.00000E-01,0.00000E+00
8.25000E+00,1.95000E+02,5.00000E-01,0.00000E+00
8.25000E+00,1.95000E+02,1.50000E+00,0.00000E+00
8.25000E+00,1.95000E+02,2.50000E+00,0.00000E+00
8.75000E+00,5.00000E+00,-2.50000E+00,0.00000E+00
8.75000E+00,5.00000E+00,-1.50000E+00,0.00000E+00
8.75000E+00,5.00000E+00,-5.00000E-01,0.00000E+00
8.75000E+00,5.00000E+00,5.00000E-01,0.00000E+00
8.75000E+00,5.00000E+00,1.50000E+00,0.00000E+00
8.75000E+00,5.00000E+00,2.50000E+00,0.00000E+00
8.75000E+00,1.50000E+01,-2.50000E+00,0.00000E+00
8.75000E+00,1.50000E+01,-1.50000E+00,0.00000E+00
8.75000E+00,1.50000E+01,-5.00000E-01,0.00000E+00
8.75000E+00,1.50000E+01,5.00000E-01,0.00000E+00
8.75000E+00,1.50000E+01,1.50000E+00,0.00000E+00
8.75000E+00,1.50000E+01,2.50000E+00,0.00000E+00
8.75000E+00,2.50000E+01,-2.50000E+00,0.00000E+00
8.75000E+00,2.50000E+01,-1.50000E+00,0.00000E+00
8.75000E+00,2.50000E+01,-5.00000E-01,0.00000E+00
8.75000E+00,2.50000E+01,5.00000E-01,0.00000E+00
8.75000E+00,2.50000E+01,1.50000E+00,0.00000E+00
8.75000E+00,2.50000E+01,2.50000E+00,0.00000E+00
8.75000E+00,3.50000E+01,-2.50000E+00,0.00000E+00
8.75000E+00,3.50000E+01,-1.50000E+00,0.00000E+00
8.75000E+00,3.50000E+01,-5.00000E-01,0.00000E+00
8.75000E+00,3.50000E+01,5.00000E-01,0.00000E+00
8.75000E+00,3.50000E+01,1.50000E+00,0.00000E+00
8.75000E+00,3.50000E+01,2.50000E+00,0.00000E+00
8.75000E+00,4.50000E+01,-2.50000E+00,0.00000E+00
8.75000E+00,4.50000E+01,-1.50000E+00,0.00000E+00
8.75000E+00,4.50000E+01,-5.00000E-01,0.00000E+00
8.75000E+00,4.50000E+01,5.00000E-01,0.00000E+00
8.75000E+00,4.50000E+01,1.50000E+00,0.00000E+00
8.75000E+00,4.50000E+01,2.50000E+00,0.00000E+00
8.75000E+00,5.50000E+01,-2.50000E+00,0.00000E+00
8.75000E+00,5.50000E+01,-1.50000E+00,0.00000E+00
8.75000E+00,5.50000E+01,-5.00000E-01,0.00000E+00
8.75000E+00,5.50000E+01,5.00000E-01,0.00000E+00
8.75000E+00,5.50000E+01,1.50000E+00,0.00000E+00
8.75000E+00,5.50000E+01,2.50000E+00,0.00000E+00
8.75000E+00,6.50000E+01,-2.50000E+00,0.00000E+00
8.75000E+00,6.50000E+01,-1.50000E+00,0.00000E+00
8.75000E+00,6.50000E+01,-5.00000E-01,0.00000E+00
8.75000E+00,6.50000E+01,5.00000E-01,0.00000E+00
8.75000E+00,6.50000E+01,1.50000E+00,0.00000E+00
8.75000E+00,6.50000E+01,2.50000E+00,0.00000E+00
8.75000E+00,7.50000E+01,-2.50000E+00,0.00000E+00
8.75000E+00,7.50000E+01,-1.50000E+00,0.00000E+00
8.75000E+00,7.50000E+01,-5.00000E-01,0.00000E+00
8.75000E+00,7.50000E+01,5.00000E-01,0.00000E+00
8.75000E+00,7.50000E+01,1.50000E+00,0.00000E+00
8.75000E+00,7.50000E+01,2.50000E+00,0.00000E+00
8.75000E+00,8.50000E+01,-2.50000E+00,0.00000E+00
8.75000E+00,8.50000E+01,-1.50000E+00,0.00000E+00
8.75000E+00,8.50000E+01,-5.00000E-01,0.00000E+00
8.75000E+00,8.50000E+01,5.00000E-01,0.00000E+00
8.75000E+00,8.50000E+01,1.50000E+00,0.00000E+00
8.75000E+00,8.50000E+01,2.50000E+00,0.00000E+00
8.75000E+00,9.50000E+01,-2.50000E+00,0.00000E+00
8.75000E+00,9.50000E+01,-1.50000E+00,0.00000E+00
8.75000E+00,9.50000E+01,-5.00000E-01,0.00000E+00
8.75000E+00,9.50000E+01,5.00000E-01,0.00000E+00
8.75000E+00,9.50000E+01,1.50000E+00,0.00000E+00
8.75000E+00,9.50000E+01,2.50000E+00,0.00000E+00
8.75000E+00,1.05000E+02,-2.50000E+00,0.00000E+00
8.75000E+00,1.05000E+02,-1.50000E+00,0.00000E+00
8.75000E+00,1.05000E+02,-5.00000E-01,0.00000E+00
8.75000E+00,1.05000E+02,5.00000E-01,0.00000E+00
8.75000E+00,1.05000E+02,1.50000E+00,0.00000E+00
8.75000E+00,1.05000E+02,2.50000E+00,0.00000E+00
8.75000E+00,1.15000E+02,-2.50000E+00,0.00000E+00
8.75000E+00,1.15000E+02,-1.50000E+00,0.00000E+00
8.75000E+00,1.15000E+02,-5.00000E-01,0.00000E+00
8.75000E+00,1.15000E+02,5.00000E-01,0.00000E+00
8.75000E+00,1.15000E+02,1.50000E+00,0.00000E+00
8.75000E+00,1.15000E+02,2.50000E+00,0.00000E+00
8.75000E+00,1.25000E+02,-2.50000E+00,0.00000E+00
8.75000E+00,1.25000E+02,-1.50000E+00,0.00000E+00
8.75000E+00,1.25000E+02,-5.00000E-01,0.00000E+00
8.75000E+00,1.25000E+02,5.00000E-01,0.00000E+00
8.75000E+00,1.25000E+02,1.50000E+00,0.00000E+00
8.75000E+00,1.25000E+02,2.50000E+00,0.00000E+00
8.75000E+00,1.35000E+02,-2.50000E+00,0.00000E+00
8.75000E+00,1.35000E+02,-1.50000E+00,0.00000E+00
8.75000E+00,1.35000E+02,-5.00000E-01,0.00000E+00
8.75000E+00,1.35000E+02,5.00000E-01,0.00000E+00
8.75000E+00,1.35000E+02,1.50000E+00,0.00000E+00
8.75000E+00,1.35000E+02,2.50000E+00,0.00000E+00
8.75000E+00,1.45000E+02,-2.50000E+00,0.00000E+00
8.75000E+00,1.45000E+02,-1.50000E+00,0.00000E+00
8.75000E+00,1.45000E+02,-5.00000E-01,0.00000E+00
8.75000E+00,1.45000E+02,5.00000E-01,0.00000E+00
8.75000E+00,1.45000E+02,1.50000E+00,0.00000E+00
8.75000E+00,1.45000E+02,2.50000E+00,0.00000E+00
8.75000E+00,1.55000E+02,-2.50000E+00,0.00000E+00
8.75000E+00,1.55000E+02,-1.50000E+00,0.00000E+00
8.75000E+00,1.55000E+02,-5.00000E-01,0.00000E+00
8.75000E+00,1.55000E+02,5.00000E-01,0.00000E+00
8.75000E+00,1.55000E+02,1.50000E+00,0.00000E+00
8.75000E+00,1.55000E+02,2.50000E+00,0.00000E+00
8.75000E+00,1.65000E+02,-2.50000E+00,0.00000E+00
8.75000E+00,1.65000E+02,-1.50000E+00,0.00000E+00
8.75000E+00,1.65000E+02,-5.00000E-01,0.00000E+00
8.75000E+00,1.65000E+02,5.00000E-01,0.00000E+00
8.75000E+00,1.65000E+02,1.50000E+00,0.00000E+00
8.75000E+00,1.65000E+02,2.50000E+00,0.00000E+00
8.75000E+00,1.75000E+02,-2.50000E+00,0.00000E+00
8.75000E+00,1.75000E+02,-1.50000E+00,0.00000E+00
8.75000E+00,1.75000E+02,-5.00000E-01,0.00000E+00
8.75000E+00,1.75000E+02,5.00000E-01,0.00000E+00
8.75000E+00,1.75000E+02,1.50000E+00,0.00000E+00
8.75000E+00,1.75000E+02,2.50000E+00,0.00000E+00
8.75000E+00,1.85000E+02,-2.50000E+00,0.00000E+00
8.75000E+00,1.85000E+02,-1.50000E+00,0.00000E+00
8.75000E+00,1.85000E+02,-5.00000E-01,0.00000E+00
8.75000E+00,1.85000E+02,5.00000E-01,0.00000E+00
8.75000E+00,1.85000E+02,1.50000E+00,0.00000E+00
8.75000E+00,1.85000E+02,2.50000E+00,0.00000E+00
8.75000E+00,1.95000E+02,-2.50000E+00,0.00000E+00
8.75000E+00,1.95000E+02,-1.50000E+00,0.00000E+00
8.75000E+00,1.95000E+02,-5.00000E-01,0.00000E+00
8.75000E+00,1.95000E+02,5.00000E-01,0.00000E+00
8.75000E+00,1.95000E+02,1.50000E+00,0.00000E+00
8.75000E+00,1.95000E+02,2.50000E+00,0.00000E+00
